{"cameraMode":{"drawMode":0,"name":"Shaded","section":"Shading Mode"},"sceneLighting":false,"audioPlay":false,"sceneViewState":{"showFog":true,"showMaterialUpdate":false,"showSkybox":true,"showFlares":true,"showImageEffects":true,"showParticleSystems":true},"in2DMode":false,"pivot":{"x":2.950000047683716,"y":1.3099998235702515,"z":-4.659999847412109},"rotation":{"x":0.03135601803660393,"y":0.9686166644096375,"z":-0.17807023227214814,"w":0.17056173086166383},"size":2.286318302154541,"orthographic":false}