{"cameraMode":{"drawMode":0,"name":"Shaded","section":"Shading Mode"},"sceneLighting":false,"audioPlay":false,"sceneViewState":{"showFog":true,"showMaterialUpdate":false,"showSkybox":true,"showFlares":true,"showImageEffects":true,"showParticleSystems":true},"in2DMode":false,"pivot":{"x":2.8475654125213625,"y":1.368461012840271,"z":-4.754033088684082},"rotation":{"x":0.005703429225832224,"y":0.9832932353019714,"z":-0.0312887504696846,"w":0.1792353093624115},"size":1.3863184452056885,"orthographic":false}