{"cameraMode":{"drawMode":0,"name":"Shaded","section":"Shading Mode"},"sceneLighting":false,"audioPlay":false,"sceneViewState":{"showFog":true,"showMaterialUpdate":false,"showSkybox":true,"showFlares":true,"showImageEffects":true,"showParticleSystems":true},"in2DMode":false,"pivot":{"x":-0.24010825157165528,"y":-0.025313764810562135,"z":0.26974406838417055},"rotation":{"x":0.15273535251617433,"y":0.46652886271476748,"z":-0.08215419948101044,"w":0.8673379421234131},"size":0.963939368724823,"orthographic":false}