{"cameraMode":{"drawMode":0,"name":"Shaded","section":"Shading Mode"},"sceneLighting":true,"audioPlay":false,"sceneViewState":{"showFog":true,"showMaterialUpdate":false,"showSkybox":true,"showFlares":true,"showImageEffects":true,"showParticleSystems":true},"in2DMode":false,"pivot":{"x":-2.285654067993164,"y":1.8281217813491822,"z":-2.719280958175659},"rotation":{"x":0.03135601803660393,"y":0.9686166644096375,"z":-0.17807023227214814,"w":0.17056173086166383},"size":5.405864238739014,"orthographic":false}